ID,Genero,Married,dependientes, educacion, autoempleado, ingresos_solicitante, ingresos_cosolicitante, monto_prestamo, plazo_prestamo, historial_crediticio, area_propiedad, estado_prestamo
LP001002,Hombre,No,0,Graduado,No,5849,0,,360,1,Urbano,Y
LP001003,Hombre,Si,1,Graduado,No,4583,1508,128,360,1,Rural,N
LP001005,Hombre,Si,0,Graduado,Si,3000,0,66,360,1,Urbano,Y
LP001006,Hombre,Si,0,Not Graduado,No,2583,2358,120,360,1,Urbano,Y
LP001008,Hombre,No,0,Graduado,No,6000,0,141,360,1,Urbano,Y
LP001011,Hombre,Si,2,Graduado,Si,5417,4196,267,360,1,Urbano,Y
LP001013,Hombre,Si,0,Not Graduado,No,2333,1516,95,360,1,Urbano,Y
LP001014,Hombre,Si,3+,Graduado,No,3036,2504,158,360,0,SemiUrbano,N
LP001018,Hombre,Si,2,Graduado,No,4006,1526,168,360,1,Urbano,Y
LP001020,Hombre,Si,1,Graduado,No,12841,10968,349,360,1,SemiUrbano,N
LP001024,Hombre,Si,2,Graduado,No,3200,700,70,360,1,Urbano,Y
LP001027,Hombre,Si,2,Graduado,,2500,1840,109,360,1,Urbano,Y
LP001028,Hombre,Si,2,Graduado,No,3073,8106,200,360,1,Urbano,Y
LP001029,Hombre,No,0,Graduado,No,1853,2840,114,360,1,Rural,N
LP001030,Hombre,Si,2,Graduado,No,1299,1086,17,120,1,Urbano,Y
LP001032,Hombre,No,0,Graduado,No,4950,0,125,360,1,Urbano,Y
LP001034,Hombre,No,1,Not Graduado,No,3596,0,100,240,,Urbano,Y
LP001036,FeHombre,No,0,Graduado,No,3510,0,76,360,0,Urbano,N
LP001038,Hombre,Si,0,Not Graduado,No,4887,0,133,360,1,Rural,N
LP001041,Hombre,Si,0,Graduado,,2600,3500,115,,1,Urbano,Y
LP001043,Hombre,Si,0,Not Graduado,No,7660,0,104,360,0,Urbano,N
LP001046,Hombre,Si,1,Graduado,No,5955,5625,315,360,1,Urbano,Y
LP001047,Hombre,Si,0,Not Graduado,No,2600,1911,116,360,0,SemiUrbano,N
LP001050,,Si,2,Not Graduado,No,3365,1917,112,360,0,Rural,N
LP001052,Hombre,Si,1,Graduado,,3717,2925,151,360,,SemiUrbano,N
LP001066,Hombre,Si,0,Graduado,Si,9560,0,191,360,1,SemiUrbano,Y
LP001068,Hombre,Si,0,Graduado,No,2799,2253,122,360,1,SemiUrbano,Y
LP001073,Hombre,Si,2,Not Graduado,No,4226,1040,110,360,1,Urbano,Y
LP001086,Hombre,No,0,Not Graduado,No,1442,0,35,360,1,Urbano,N
LP001087,FeHombre,No,2,Graduado,,3750,2083,120,360,1,SemiUrbano,Y
LP001091,Hombre,Si,1,Graduado,,4166,3369,201,360,,Urbano,N
LP001095,Hombre,No,0,Graduado,No,3167,0,74,360,1,Urbano,N
LP001097,Hombre,No,1,Graduado,Si,4692,0,106,360,1,Rural,N
LP001098,Hombre,Si,0,Graduado,No,3500,1667,114,360,1,SemiUrbano,Y
LP001100,Hombre,No,3+,Graduado,No,12500,3000,320,360,1,Rural,N
LP001106,Hombre,Si,0,Graduado,No,2275,2067,,360,1,Urbano,Y
LP001109,Hombre,Si,0,Graduado,No,1828,1330,100,,0,Urbano,N
LP001112,FeHombre,Si,0,Graduado,No,3667,1459,144,360,1,SemiUrbano,Y
LP001114,Hombre,No,0,Graduado,No,4166,7210,184,360,1,Urbano,Y
LP001116,Hombre,No,0,Not Graduado,No,3748,1668,110,360,1,SemiUrbano,Y
LP001119,Hombre,No,0,Graduado,No,3600,0,80,360,1,Urbano,N
LP001120,Hombre,No,0,Graduado,No,1800,1213,47,360,1,Urbano,Y
LP001123,Hombre,Si,0,Graduado,No,2400,0,75,360,,Urbano,Y
LP001131,Hombre,Si,0,Graduado,No,3941,2336,134,360,1,SemiUrbano,Y
LP001136,Hombre,Si,0,Not Graduado,Si,4695,0,96,,1,Urbano,Y
LP001137,FeHombre,No,0,Graduado,No,3410,0,88,,1,Urbano,Y
LP001138,Hombre,Si,1,Graduado,No,5649,0,44,360,1,Urbano,Y
LP001144,Hombre,Si,0,Graduado,No,5821,0,144,360,1,Urbano,Y
LP001146,FeHombre,Si,0,Graduado,No,2645,3440,120,360,0,Urbano,N
LP001151,FeHombre,No,0,Graduado,No,4000,2275,144,360,1,SemiUrbano,Y
LP001155,FeHombre,Si,0,Not Graduado,No,1928,1644,100,360,1,SemiUrbano,Y
LP001157,FeHombre,No,0,Graduado,No,3086,0,120,360,1,SemiUrbano,Y
LP001164,FeHombre,No,0,Graduado,No,4230,0,112,360,1,SemiUrbano,N
LP001179,Hombre,Si,2,Graduado,No,4616,0,134,360,1,Urbano,N
LP001186,FeHombre,Si,1,Graduado,Si,11500,0,286,360,0,Urbano,N
LP001194,Hombre,Si,2,Graduado,No,2708,1167,97,360,1,SemiUrbano,Y
LP001195,Hombre,Si,0,Graduado,No,2132,1591,96,360,1,SemiUrbano,Y
LP001197,Hombre,Si,0,Graduado,No,3366,2200,135,360,1,Rural,N
LP001198,Hombre,Si,1,Graduado,No,8080,2250,180,360,1,Urbano,Y
LP001199,Hombre,Si,2,Not Graduado,No,3357,2859,144,360,1,Urbano,Y
LP001205,Hombre,Si,0,Graduado,No,2500,3796,120,360,1,Urbano,Y
LP001206,Hombre,Si,3+,Graduado,No,3029,0,99,360,1,Urbano,Y
LP001207,Hombre,Si,0,Not Graduado,Si,2609,3449,165,180,0,Rural,N
LP001213,Hombre,Si,1,Graduado,No,4945,0,,360,0,Rural,N
LP001222,FeHombre,No,0,Graduado,No,4166,0,116,360,0,SemiUrbano,N
LP001225,Hombre,Si,0,Graduado,No,5726,4595,258,360,1,SemiUrbano,N
LP001228,Hombre,No,0,Not Graduado,No,3200,2254,126,180,0,Urbano,N
LP001233,Hombre,Si,1,Graduado,No,10750,0,312,360,1,Urbano,Y
LP001238,Hombre,Si,3+,Not Graduado,Si,7100,0,125,60,1,Urbano,Y
LP001241,FeHombre,No,0,Graduado,No,4300,0,136,360,0,SemiUrbano,N
LP001243,Hombre,Si,0,Graduado,No,3208,3066,172,360,1,Urbano,Y
LP001245,Hombre,Si,2,Not Graduado,Si,1875,1875,97,360,1,SemiUrbano,Y
LP001248,Hombre,No,0,Graduado,No,3500,0,81,300,1,SemiUrbano,Y
LP001250,Hombre,Si,3+,Not Graduado,No,4755,0,95,,0,SemiUrbano,N
LP001253,Hombre,Si,3+,Graduado,Si,5266,1774,187,360,1,SemiUrbano,Y
LP001255,Hombre,No,0,Graduado,No,3750,0,113,480,1,Urbano,N
LP001256,Hombre,No,0,Graduado,No,3750,4750,176,360,1,Urbano,N
LP001259,Hombre,Si,1,Graduado,Si,1000,3022,110,360,1,Urbano,N
LP001263,Hombre,Si,3+,Graduado,No,3167,4000,180,300,0,SemiUrbano,N
LP001264,Hombre,Si,3+,Not Graduado,Si,3333,2166,130,360,,SemiUrbano,Y
LP001265,FeHombre,No,0,Graduado,No,3846,0,111,360,1,SemiUrbano,Y
LP001266,Hombre,Si,1,Graduado,Si,2395,0,,360,1,SemiUrbano,Y
LP001267,FeHombre,Si,2,Graduado,No,1378,1881,167,360,1,Urbano,N
LP001273,Hombre,Si,0,Graduado,No,6000,2250,265,360,,SemiUrbano,N
LP001275,Hombre,Si,1,Graduado,No,3988,0,50,240,1,Urbano,Y
LP001279,Hombre,No,0,Graduado,No,2366,2531,136,360,1,SemiUrbano,Y
LP001280,Hombre,Si,2,Not Graduado,No,3333,2000,99,360,,SemiUrbano,Y
LP001282,Hombre,Si,0,Graduado,No,2500,2118,104,360,1,SemiUrbano,Y
LP001289,Hombre,No,0,Graduado,No,8566,0,210,360,1,Urbano,Y
LP001310,Hombre,Si,0,Graduado,No,5695,4167,175,360,1,SemiUrbano,Y
LP001316,Hombre,Si,0,Graduado,No,2958,2900,131,360,1,SemiUrbano,Y
LP001318,Hombre,Si,2,Graduado,No,6250,5654,188,180,1,SemiUrbano,Y
LP001319,Hombre,Si,2,Not Graduado,No,3273,1820,81,360,1,Urbano,Y
LP001322,Hombre,No,0,Graduado,No,4133,0,122,360,1,SemiUrbano,Y
LP001325,Hombre,No,0,Not Graduado,No,3620,0,25,120,1,SemiUrbano,Y
LP001326,Hombre,No,0,Graduado,,6782,0,,360,,Urbano,N
LP001327,FeHombre,Si,0,Graduado,No,2484,2302,137,360,1,SemiUrbano,Y
LP001333,Hombre,Si,0,Graduado,No,1977,997,50,360,1,SemiUrbano,Y
LP001334,Hombre,Si,0,Not Graduado,No,4188,0,115,180,1,SemiUrbano,Y
LP001343,Hombre,Si,0,Graduado,No,1759,3541,131,360,1,SemiUrbano,Y
LP001345,Hombre,Si,2,Not Graduado,No,4288,3263,133,180,1,Urbano,Y
LP001349,Hombre,No,0,Graduado,No,4843,3806,151,360,1,SemiUrbano,Y
LP001350,Hombre,Si,,Graduado,No,13650,0,,360,1,Urbano,Y
LP001356,Hombre,Si,0,Graduado,No,4652,3583,,360,1,SemiUrbano,Y
LP001357,Hombre,,,Graduado,No,3816,754,160,360,1,Urbano,Y
LP001367,Hombre,Si,1,Graduado,No,3052,1030,100,360,1,Urbano,Y
LP001369,Hombre,Si,2,Graduado,No,11417,1126,225,360,1,Urbano,Y
LP001370,Hombre,No,0,Not Graduado,,7333,0,120,360,1,Rural,N
LP001379,Hombre,Si,2,Graduado,No,3800,3600,216,360,0,Urbano,N
LP001384,Hombre,Si,3+,Not Graduado,No,2071,754,94,480,1,SemiUrbano,Y
LP001385,Hombre,No,0,Graduado,No,5316,0,136,360,1,Urbano,Y
LP001387,FeHombre,Si,0,Graduado,,2929,2333,139,360,1,SemiUrbano,Y
LP001391,Hombre,Si,0,Not Graduado,No,3572,4114,152,,0,Rural,N
LP001392,FeHombre,No,1,Graduado,Si,7451,0,,360,1,SemiUrbano,Y
LP001398,Hombre,No,0,Graduado,,5050,0,118,360,1,SemiUrbano,Y
LP001401,Hombre,Si,1,Graduado,No,14583,0,185,180,1,Rural,Y
LP001404,FeHombre,Si,0,Graduado,No,3167,2283,154,360,1,SemiUrbano,Y
LP001405,Hombre,Si,1,Graduado,No,2214,1398,85,360,,Urbano,Y
LP001421,Hombre,Si,0,Graduado,No,5568,2142,175,360,1,Rural,N
LP001422,FeHombre,No,0,Graduado,No,10408,0,259,360,1,Urbano,Y
LP001426,Hombre,Si,,Graduado,No,5667,2667,180,360,1,Rural,Y
LP001430,FeHombre,No,0,Graduado,No,4166,0,44,360,1,SemiUrbano,Y
LP001431,FeHombre,No,0,Graduado,No,2137,8980,137,360,0,SemiUrbano,Y
LP001432,Hombre,Si,2,Graduado,No,2957,0,81,360,1,SemiUrbano,Y
LP001439,Hombre,Si,0,Not Graduado,No,4300,2014,194,360,1,Rural,Y
LP001443,FeHombre,No,0,Graduado,No,3692,0,93,360,,Rural,Y
LP001448,,Si,3+,Graduado,No,23803,0,370,360,1,Rural,Y
LP001449,Hombre,No,0,Graduado,No,3865,1640,,360,1,Rural,Y
LP001451,Hombre,Si,1,Graduado,Si,10513,3850,160,180,0,Urbano,N
LP001465,Hombre,Si,0,Graduado,No,6080,2569,182,360,,Rural,N
LP001469,Hombre,No,0,Graduado,Si,20166,0,650,480,,Urbano,Y
LP001473,Hombre,No,0,Graduado,No,2014,1929,74,360,1,Urbano,Y
LP001478,Hombre,No,0,Graduado,No,2718,0,70,360,1,SemiUrbano,Y
LP001482,Hombre,Si,0,Graduado,Si,3459,0,25,120,1,SemiUrbano,Y
LP001487,Hombre,No,0,Graduado,No,4895,0,102,360,1,SemiUrbano,Y
LP001488,Hombre,Si,3+,Graduado,No,4000,7750,290,360,1,SemiUrbano,N
LP001489,FeHombre,Si,0,Graduado,No,4583,0,84,360,1,Rural,N
LP001491,Hombre,Si,2,Graduado,Si,3316,3500,88,360,1,Urbano,Y
LP001492,Hombre,No,0,Graduado,No,14999,0,242,360,0,SemiUrbano,N
LP001493,Hombre,Si,2,Not Graduado,No,4200,1430,129,360,1,Rural,N
LP001497,Hombre,Si,2,Graduado,No,5042,2083,185,360,1,Rural,N
LP001498,Hombre,No,0,Graduado,No,5417,0,168,360,1,Urbano,Y
LP001504,Hombre,No,0,Graduado,Si,6950,0,175,180,1,SemiUrbano,Y
LP001507,Hombre,Si,0,Graduado,No,2698,2034,122,360,1,SemiUrbano,Y
LP001508,Hombre,Si,2,Graduado,No,11757,0,187,180,1,Urbano,Y
LP001514,FeHombre,Si,0,Graduado,No,2330,4486,100,360,1,SemiUrbano,Y
LP001516,FeHombre,Si,2,Graduado,No,14866,0,70,360,1,Urbano,Y
LP001518,Hombre,Si,1,Graduado,No,1538,1425,30,360,1,Urbano,Y
LP001519,FeHombre,No,0,Graduado,No,10000,1666,225,360,1,Rural,N
LP001520,Hombre,Si,0,Graduado,No,4860,830,125,360,1,SemiUrbano,Y
LP001528,Hombre,No,0,Graduado,No,6277,0,118,360,0,Rural,N
LP001529,Hombre,Si,0,Graduado,Si,2577,3750,152,360,1,Rural,Y
LP001531,Hombre,No,0,Graduado,No,9166,0,244,360,1,Urbano,N
LP001532,Hombre,Si,2,Not Graduado,No,2281,0,113,360,1,Rural,N
LP001535,Hombre,No,0,Graduado,No,3254,0,50,360,1,Urbano,Y
LP001536,Hombre,Si,3+,Graduado,No,39999,0,600,180,0,SemiUrbano,Y
LP001541,Hombre,Si,1,Graduado,No,6000,0,160,360,,Rural,Y
LP001543,Hombre,Si,1,Graduado,No,9538,0,187,360,1,Urbano,Y
LP001546,Hombre,No,0,Graduado,,2980,2083,120,360,1,Rural,Y
LP001552,Hombre,Si,0,Graduado,No,4583,5625,255,360,1,SemiUrbano,Y
LP001560,Hombre,Si,0,Not Graduado,No,1863,1041,98,360,1,SemiUrbano,Y
LP001562,Hombre,Si,0,Graduado,No,7933,0,275,360,1,Urbano,N
LP001565,Hombre,Si,1,Graduado,No,3089,1280,121,360,0,SemiUrbano,N
LP001570,Hombre,Si,2,Graduado,No,4167,1447,158,360,1,Rural,Y
LP001572,Hombre,Si,0,Graduado,No,9323,0,75,180,1,Urbano,Y
LP001574,Hombre,Si,0,Graduado,No,3707,3166,182,,1,Rural,Y
LP001577,FeHombre,Si,0,Graduado,No,4583,0,112,360,1,Rural,N
LP001578,Hombre,Si,0,Graduado,No,2439,3333,129,360,1,Rural,Y
LP001579,Hombre,No,0,Graduado,No,2237,0,63,480,0,SemiUrbano,N
LP001580,Hombre,Si,2,Graduado,No,8000,0,200,360,1,SemiUrbano,Y
LP001581,Hombre,Si,0,Not Graduado,,1820,1769,95,360,1,Rural,Y
LP001585,,Si,3+,Graduado,No,51763,0,700,300,1,Urbano,Y
LP001586,Hombre,Si,3+,Not Graduado,No,3522,0,81,180,1,Rural,N
LP001594,Hombre,Si,0,Graduado,No,5708,5625,187,360,1,SemiUrbano,Y
LP001603,Hombre,Si,0,Not Graduado,Si,4344,736,87,360,1,SemiUrbano,N
LP001606,Hombre,Si,0,Graduado,No,3497,1964,116,360,1,Rural,Y
LP001608,Hombre,Si,2,Graduado,No,2045,1619,101,360,1,Rural,Y
LP001610,Hombre,Si,3+,Graduado,No,5516,11300,495,360,0,SemiUrbano,N
LP001616,Hombre,Si,1,Graduado,No,3750,0,116,360,1,SemiUrbano,Y
LP001630,Hombre,No,0,Not Graduado,No,2333,1451,102,480,0,Urbano,N
LP001633,Hombre,Si,1,Graduado,No,6400,7250,180,360,0,Urbano,N
LP001634,Hombre,No,0,Graduado,No,1916,5063,67,360,,Rural,N
LP001636,Hombre,Si,0,Graduado,No,4600,0,73,180,1,SemiUrbano,Y
LP001637,Hombre,Si,1,Graduado,No,33846,0,260,360,1,SemiUrbano,N
LP001639,FeHombre,Si,0,Graduado,No,3625,0,108,360,1,SemiUrbano,Y
LP001640,Hombre,Si,0,Graduado,Si,39147,4750,120,360,1,SemiUrbano,Y
LP001641,Hombre,Si,1,Graduado,Si,2178,0,66,300,0,Rural,N
LP001643,Hombre,Si,0,Graduado,No,2383,2138,58,360,,Rural,Y
LP001644,,Si,0,Graduado,Si,674,5296,168,360,1,Rural,Y
LP001647,Hombre,Si,0,Graduado,No,9328,0,188,180,1,Rural,Y
LP001653,Hombre,No,0,Not Graduado,No,4885,0,48,360,1,Rural,Y
LP001656,Hombre,No,0,Graduado,No,12000,0,164,360,1,SemiUrbano,N
LP001657,Hombre,Si,0,Not Graduado,No,6033,0,160,360,1,Urbano,N
LP001658,Hombre,No,0,Graduado,No,3858,0,76,360,1,SemiUrbano,Y
LP001664,Hombre,No,0,Graduado,No,4191,0,120,360,1,Rural,Y
LP001665,Hombre,Si,1,Graduado,No,3125,2583,170,360,1,SemiUrbano,N
LP001666,Hombre,No,0,Graduado,No,8333,3750,187,360,1,Rural,Y
LP001669,FeHombre,No,0,Not Graduado,No,1907,2365,120,,1,Urbano,Y
LP001671,FeHombre,Si,0,Graduado,No,3416,2816,113,360,,SemiUrbano,Y
LP001673,Hombre,No,0,Graduado,Si,11000,0,83,360,1,Urbano,N
LP001674,Hombre,Si,1,Not Graduado,No,2600,2500,90,360,1,SemiUrbano,Y
LP001677,Hombre,No,2,Graduado,No,4923,0,166,360,0,SemiUrbano,Y
LP001682,Hombre,Si,3+,Not Graduado,No,3992,0,,180,1,Urbano,N
LP001688,Hombre,Si,1,Not Graduado,No,3500,1083,135,360,1,Urbano,Y
LP001691,Hombre,Si,2,Not Graduado,No,3917,0,124,360,1,SemiUrbano,Y
LP001692,FeHombre,No,0,Not Graduado,No,4408,0,120,360,1,SemiUrbano,Y
LP001693,FeHombre,No,0,Graduado,No,3244,0,80,360,1,Urbano,Y
LP001698,Hombre,No,0,Not Graduado,No,3975,2531,55,360,1,Rural,Y
LP001699,Hombre,No,0,Graduado,No,2479,0,59,360,1,Urbano,Y
LP001702,Hombre,No,0,Graduado,No,3418,0,127,360,1,SemiUrbano,N
LP001708,FeHombre,No,0,Graduado,No,10000,0,214,360,1,SemiUrbano,N
LP001711,Hombre,Si,3+,Graduado,No,3430,1250,128,360,0,SemiUrbano,N
LP001713,Hombre,Si,1,Graduado,Si,7787,0,240,360,1,Urbano,Y
LP001715,Hombre,Si,3+,Not Graduado,Si,5703,0,130,360,1,Rural,Y
LP001716,Hombre,Si,0,Graduado,No,3173,3021,137,360,1,Urbano,Y
LP001720,Hombre,Si,3+,Not Graduado,No,3850,983,100,360,1,SemiUrbano,Y
LP001722,Hombre,Si,0,Graduado,No,150,1800,135,360,1,Rural,N
LP001726,Hombre,Si,0,Graduado,No,3727,1775,131,360,1,SemiUrbano,Y
LP001732,Hombre,Si,2,Graduado,,5000,0,72,360,0,SemiUrbano,N
LP001734,FeHombre,Si,2,Graduado,No,4283,2383,127,360,,SemiUrbano,Y
LP001736,Hombre,Si,0,Graduado,No,2221,0,60,360,0,Urbano,N
LP001743,Hombre,Si,2,Graduado,No,4009,1717,116,360,1,SemiUrbano,Y
LP001744,Hombre,No,0,Graduado,No,2971,2791,144,360,1,SemiUrbano,Y
LP001749,Hombre,Si,0,Graduado,No,7578,1010,175,,1,SemiUrbano,Y
LP001750,Hombre,Si,0,Graduado,No,6250,0,128,360,1,SemiUrbano,Y
LP001751,Hombre,Si,0,Graduado,No,3250,0,170,360,1,Rural,N
LP001754,Hombre,Si,,Not Graduado,Si,4735,0,138,360,1,Urbano,N
LP001758,Hombre,Si,2,Graduado,No,6250,1695,210,360,1,SemiUrbano,Y
LP001760,Hombre,,,Graduado,No,4758,0,158,480,1,SemiUrbano,Y
LP001761,Hombre,No,0,Graduado,Si,6400,0,200,360,1,Rural,Y
LP001765,Hombre,Si,1,Graduado,No,2491,2054,104,360,1,SemiUrbano,Y
LP001768,Hombre,Si,0,Graduado,,3716,0,42,180,1,Rural,Y
LP001770,Hombre,No,0,Not Graduado,No,3189,2598,120,,1,Rural,Y
LP001776,FeHombre,No,0,Graduado,No,8333,0,280,360,1,SemiUrbano,Y
LP001778,Hombre,Si,1,Graduado,No,3155,1779,140,360,1,SemiUrbano,Y
LP001784,Hombre,Si,1,Graduado,No,5500,1260,170,360,1,Rural,Y
LP001786,Hombre,Si,0,Graduado,,5746,0,255,360,,Urbano,N
LP001788,FeHombre,No,0,Graduado,Si,3463,0,122,360,,Urbano,Y
LP001790,FeHombre,No,1,Graduado,No,3812,0,112,360,1,Rural,Y
LP001792,Hombre,Si,1,Graduado,No,3315,0,96,360,1,SemiUrbano,Y
LP001798,Hombre,Si,2,Graduado,No,5819,5000,120,360,1,Rural,Y
LP001800,Hombre,Si,1,Not Graduado,No,2510,1983,140,180,1,Urbano,N
LP001806,Hombre,No,0,Graduado,No,2965,5701,155,60,1,Urbano,Y
LP001807,Hombre,Si,2,Graduado,Si,6250,1300,108,360,1,Rural,Y
LP001811,Hombre,Si,0,Not Graduado,No,3406,4417,123,360,1,SemiUrbano,Y
LP001813,Hombre,No,0,Graduado,Si,6050,4333,120,180,1,Urbano,N
LP001814,Hombre,Si,2,Graduado,No,9703,0,112,360,1,Urbano,Y
LP001819,Hombre,Si,1,Not Graduado,No,6608,0,137,180,1,Urbano,Y
LP001824,Hombre,Si,1,Graduado,No,2882,1843,123,480,1,SemiUrbano,Y
LP001825,Hombre,Si,0,Graduado,No,1809,1868,90,360,1,Urbano,Y
LP001835,Hombre,Si,0,Not Graduado,No,1668,3890,201,360,0,SemiUrbano,N
LP001836,FeHombre,No,2,Graduado,No,3427,0,138,360,1,Urbano,N
LP001841,Hombre,No,0,Not Graduado,Si,2583,2167,104,360,1,Rural,Y
LP001843,Hombre,Si,1,Not Graduado,No,2661,7101,279,180,1,SemiUrbano,Y
LP001844,Hombre,No,0,Graduado,Si,16250,0,192,360,0,Urbano,N
LP001846,FeHombre,No,3+,Graduado,No,3083,0,255,360,1,Rural,Y
LP001849,Hombre,No,0,Not Graduado,No,6045,0,115,360,0,Rural,N
LP001854,Hombre,Si,3+,Graduado,No,5250,0,94,360,1,Urbano,N
LP001859,Hombre,Si,0,Graduado,No,14683,2100,304,360,1,Rural,N
LP001864,Hombre,Si,3+,Not Graduado,No,4931,0,128,360,,SemiUrbano,N
LP001865,Hombre,Si,1,Graduado,No,6083,4250,330,360,,Urbano,Y
LP001868,Hombre,No,0,Graduado,No,2060,2209,134,360,1,SemiUrbano,Y
LP001870,FeHombre,No,1,Graduado,No,3481,0,155,36,1,SemiUrbano,N
LP001871,FeHombre,No,0,Graduado,No,7200,0,120,360,1,Rural,Y
LP001872,Hombre,No,0,Graduado,Si,5166,0,128,360,1,SemiUrbano,Y
LP001875,Hombre,No,0,Graduado,No,4095,3447,151,360,1,Rural,Y
LP001877,Hombre,Si,2,Graduado,No,4708,1387,150,360,1,SemiUrbano,Y
LP001882,Hombre,Si,3+,Graduado,No,4333,1811,160,360,0,Urbano,Y
LP001883,FeHombre,No,0,Graduado,,3418,0,135,360,1,Rural,N
LP001884,FeHombre,No,1,Graduado,No,2876,1560,90,360,1,Urbano,Y
LP001888,FeHombre,No,0,Graduado,No,3237,0,30,360,1,Urbano,Y
LP001891,Hombre,Si,0,Graduado,No,11146,0,136,360,1,Urbano,Y
LP001892,Hombre,No,0,Graduado,No,2833,1857,126,360,1,Rural,Y
LP001894,Hombre,Si,0,Graduado,No,2620,2223,150,360,1,SemiUrbano,Y
LP001896,Hombre,Si,2,Graduado,No,3900,0,90,360,1,SemiUrbano,Y
LP001900,Hombre,Si,1,Graduado,No,2750,1842,115,360,1,SemiUrbano,Y
LP001903,Hombre,Si,0,Graduado,No,3993,3274,207,360,1,SemiUrbano,Y
LP001904,Hombre,Si,0,Graduado,No,3103,1300,80,360,1,Urbano,Y
LP001907,Hombre,Si,0,Graduado,No,14583,0,436,360,1,SemiUrbano,Y
LP001908,FeHombre,Si,0,Not Graduado,No,4100,0,124,360,,Rural,Y
LP001910,Hombre,No,1,Not Graduado,Si,4053,2426,158,360,0,Urbano,N
LP001914,Hombre,Si,0,Graduado,No,3927,800,112,360,1,SemiUrbano,Y
LP001915,Hombre,Si,2,Graduado,No,2301,985.7999878,78,180,1,Urbano,Y
LP001917,FeHombre,No,0,Graduado,No,1811,1666,54,360,1,Urbano,Y
LP001922,Hombre,Si,0,Graduado,No,20667,0,,360,1,Rural,N
LP001924,Hombre,No,0,Graduado,No,3158,3053,89,360,1,Rural,Y
LP001925,FeHombre,No,0,Graduado,Si,2600,1717,99,300,1,SemiUrbano,N
LP001926,Hombre,Si,0,Graduado,No,3704,2000,120,360,1,Rural,Y
LP001931,FeHombre,No,0,Graduado,No,4124,0,115,360,1,SemiUrbano,Y
LP001935,Hombre,No,0,Graduado,No,9508,0,187,360,1,Rural,Y
LP001936,Hombre,Si,0,Graduado,No,3075,2416,139,360,1,Rural,Y
LP001938,Hombre,Si,2,Graduado,No,4400,0,127,360,0,SemiUrbano,N
LP001940,Hombre,Si,2,Graduado,No,3153,1560,134,360,1,Urbano,Y
LP001945,FeHombre,No,,Graduado,No,5417,0,143,480,0,Urbano,N
LP001947,Hombre,Si,0,Graduado,No,2383,3334,172,360,1,SemiUrbano,Y
LP001949,Hombre,Si,3+,Graduado,,4416,1250,110,360,1,Urbano,Y
LP001953,Hombre,Si,1,Graduado,No,6875,0,200,360,1,SemiUrbano,Y
LP001954,FeHombre,Si,1,Graduado,No,4666,0,135,360,1,Urbano,Y
LP001955,FeHombre,No,0,Graduado,No,5000,2541,151,480,1,Rural,N
LP001963,Hombre,Si,1,Graduado,No,2014,2925,113,360,1,Urbano,N
LP001964,Hombre,Si,0,Not Graduado,No,1800,2934,93,360,0,Urbano,N
LP001972,Hombre,Si,,Not Graduado,No,2875,1750,105,360,1,SemiUrbano,Y
LP001974,FeHombre,No,0,Graduado,No,5000,0,132,360,1,Rural,Y
LP001977,Hombre,Si,1,Graduado,No,1625,1803,96,360,1,Urbano,Y
LP001978,Hombre,No,0,Graduado,No,4000,2500,140,360,1,Rural,Y
LP001990,Hombre,No,0,Not Graduado,No,2000,0,,360,1,Urbano,N
LP001993,FeHombre,No,0,Graduado,No,3762,1666,135,360,1,Rural,Y
LP001994,FeHombre,No,0,Graduado,No,2400,1863,104,360,0,Urbano,N
LP001996,Hombre,No,0,Graduado,No,20233,0,480,360,1,Rural,N
LP001998,Hombre,Si,2,Not Graduado,No,7667,0,185,360,,Rural,Y
LP002002,FeHombre,No,0,Graduado,No,2917,0,84,360,1,SemiUrbano,Y
LP002004,Hombre,No,0,Not Graduado,No,2927,2405,111,360,1,SemiUrbano,Y
LP002006,FeHombre,No,0,Graduado,No,2507,0,56,360,1,Rural,Y
LP002008,Hombre,Si,2,Graduado,Si,5746,0,144,84,,Rural,Y
LP002024,,Si,0,Graduado,No,2473,1843,159,360,1,Rural,N
LP002031,Hombre,Si,1,Not Graduado,No,3399,1640,111,180,1,Urbano,Y
LP002035,Hombre,Si,2,Graduado,No,3717,0,120,360,1,SemiUrbano,Y
LP002036,Hombre,Si,0,Graduado,No,2058,2134,88,360,,Urbano,Y
LP002043,FeHombre,No,1,Graduado,No,3541,0,112,360,,SemiUrbano,Y
LP002050,Hombre,Si,1,Graduado,Si,10000,0,155,360,1,Rural,N
LP002051,Hombre,Si,0,Graduado,No,2400,2167,115,360,1,SemiUrbano,Y
LP002053,Hombre,Si,3+,Graduado,No,4342,189,124,360,1,SemiUrbano,Y
LP002054,Hombre,Si,2,Not Graduado,No,3601,1590,,360,1,Rural,Y
LP002055,FeHombre,No,0,Graduado,No,3166,2985,132,360,,Rural,Y
LP002065,Hombre,Si,3+,Graduado,No,15000,0,300,360,1,Rural,Y
LP002067,Hombre,Si,1,Graduado,Si,8666,4983,376,360,0,Rural,N
LP002068,Hombre,No,0,Graduado,No,4917,0,130,360,0,Rural,Y
LP002082,Hombre,Si,0,Graduado,Si,5818,2160,184,360,1,SemiUrbano,Y
LP002086,FeHombre,Si,0,Graduado,No,4333,2451,110,360,1,Urbano,N
LP002087,FeHombre,No,0,Graduado,No,2500,0,67,360,1,Urbano,Y
LP002097,Hombre,No,1,Graduado,No,4384,1793,117,360,1,Urbano,Y
LP002098,Hombre,No,0,Graduado,No,2935,0,98,360,1,SemiUrbano,Y
LP002100,Hombre,No,,Graduado,No,2833,0,71,360,1,Urbano,Y
LP002101,Hombre,Si,0,Graduado,,63337,0,490,180,1,Urbano,Y
LP002103,,Si,1,Graduado,Si,9833,1833,182,180,1,Urbano,Y
LP002106,Hombre,Si,,Graduado,Si,5503,4490,70,,1,SemiUrbano,Y
LP002110,Hombre,Si,1,Graduado,,5250,688,160,360,1,Rural,Y
LP002112,Hombre,Si,2,Graduado,Si,2500,4600,176,360,1,Rural,Y
LP002113,FeHombre,No,3+,Not Graduado,No,1830,0,,360,0,Urbano,N
LP002114,FeHombre,No,0,Graduado,No,4160,0,71,360,1,SemiUrbano,Y
LP002115,Hombre,Si,3+,Not Graduado,No,2647,1587,173,360,1,Rural,N
LP002116,FeHombre,No,0,Graduado,No,2378,0,46,360,1,Rural,N
LP002119,Hombre,Si,1,Not Graduado,No,4554,1229,158,360,1,Urbano,Y
LP002126,Hombre,Si,3+,Not Graduado,No,3173,0,74,360,1,SemiUrbano,Y
LP002128,Hombre,Si,2,Graduado,,2583,2330,125,360,1,Rural,Y
LP002129,Hombre,Si,0,Graduado,No,2499,2458,160,360,1,SemiUrbano,Y
LP002130,Hombre,Si,,Not Graduado,No,3523,3230,152,360,0,Rural,N
LP002131,Hombre,Si,2,Not Graduado,No,3083,2168,126,360,1,Urbano,Y
LP002137,Hombre,Si,0,Graduado,No,6333,4583,259,360,,SemiUrbano,Y
LP002138,Hombre,Si,0,Graduado,No,2625,6250,187,360,1,Rural,Y
LP002139,Hombre,Si,0,Graduado,No,9083,0,228,360,1,SemiUrbano,Y
LP002140,Hombre,No,0,Graduado,No,8750,4167,308,360,1,Rural,N
LP002141,Hombre,Si,3+,Graduado,No,2666,2083,95,360,1,Rural,Y
LP002142,FeHombre,Si,0,Graduado,Si,5500,0,105,360,0,Rural,N
LP002143,FeHombre,Si,0,Graduado,No,2423,505,130,360,1,SemiUrbano,Y
LP002144,FeHombre,No,,Graduado,No,3813,0,116,180,1,Urbano,Y
LP002149,Hombre,Si,2,Graduado,No,8333,3167,165,360,1,Rural,Y
LP002151,Hombre,Si,1,Graduado,No,3875,0,67,360,1,Urbano,N
LP002158,Hombre,Si,0,Not Graduado,No,3000,1666,100,480,0,Urbano,N
LP002160,Hombre,Si,3+,Graduado,No,5167,3167,200,360,1,SemiUrbano,Y
LP002161,FeHombre,No,1,Graduado,No,4723,0,81,360,1,SemiUrbano,N
LP002170,Hombre,Si,2,Graduado,No,5000,3667,236,360,1,SemiUrbano,Y
LP002175,Hombre,Si,0,Graduado,No,4750,2333,130,360,1,Urbano,Y
LP002178,Hombre,Si,0,Graduado,No,3013,3033,95,300,,Urbano,Y
LP002180,Hombre,No,0,Graduado,Si,6822,0,141,360,1,Rural,Y
LP002181,Hombre,No,0,Not Graduado,No,6216,0,133,360,1,Rural,N
LP002187,Hombre,No,0,Graduado,No,2500,0,96,480,1,SemiUrbano,N
LP002188,Hombre,No,0,Graduado,No,5124,0,124,,0,Rural,N
LP002190,Hombre,Si,1,Graduado,No,6325,0,175,360,1,SemiUrbano,Y
LP002191,Hombre,Si,0,Graduado,No,19730,5266,570,360,1,Rural,N
LP002194,FeHombre,No,0,Graduado,Si,15759,0,55,360,1,SemiUrbano,Y
LP002197,Hombre,Si,2,Graduado,No,5185,0,155,360,1,SemiUrbano,Y
LP002201,Hombre,Si,2,Graduado,Si,9323,7873,380,300,1,Rural,Y
LP002205,Hombre,No,1,Graduado,No,3062,1987,111,180,0,Urbano,N
LP002209,FeHombre,No,0,Graduado,,2764,1459,110,360,1,Urbano,Y
LP002211,Hombre,Si,0,Graduado,No,4817,923,120,180,1,Urbano,Y
LP002219,Hombre,Si,3+,Graduado,No,8750,4996,130,360,1,Rural,Y
LP002223,Hombre,Si,0,Graduado,No,4310,0,130,360,,SemiUrbano,Y
LP002224,Hombre,No,0,Graduado,No,3069,0,71,480,1,Urbano,N
LP002225,Hombre,Si,2,Graduado,No,5391,0,130,360,1,Urbano,Y
LP002226,Hombre,Si,0,Graduado,,3333,2500,128,360,1,SemiUrbano,Y
LP002229,Hombre,No,0,Graduado,No,5941,4232,296,360,1,SemiUrbano,Y
LP002231,FeHombre,No,0,Graduado,No,6000,0,156,360,1,Urbano,Y
LP002234,Hombre,No,0,Graduado,Si,7167,0,128,360,1,Urbano,Y
LP002236,Hombre,Si,2,Graduado,No,4566,0,100,360,1,Urbano,N
LP002237,Hombre,No,1,Graduado,,3667,0,113,180,1,Urbano,Y
LP002239,Hombre,No,0,Not Graduado,No,2346,1600,132,360,1,SemiUrbano,Y
LP002243,Hombre,Si,0,Not Graduado,No,3010,3136,,360,0,Urbano,N
LP002244,Hombre,Si,0,Graduado,No,2333,2417,136,360,1,Urbano,Y
LP002250,Hombre,Si,0,Graduado,No,5488,0,125,360,1,Rural,Y
LP002255,Hombre,No,3+,Graduado,No,9167,0,185,360,1,Rural,Y
LP002262,Hombre,Si,3+,Graduado,No,9504,0,275,360,1,Rural,Y
LP002263,Hombre,Si,0,Graduado,No,2583,2115,120,360,,Urbano,Y
LP002265,Hombre,Si,2,Not Graduado,No,1993,1625,113,180,1,SemiUrbano,Y
LP002266,Hombre,Si,2,Graduado,No,3100,1400,113,360,1,Urbano,Y
LP002272,Hombre,Si,2,Graduado,No,3276,484,135,360,,SemiUrbano,Y
LP002277,FeHombre,No,0,Graduado,No,3180,0,71,360,0,Urbano,N
LP002281,Hombre,Si,0,Graduado,No,3033,1459,95,360,1,Urbano,Y
LP002284,Hombre,No,0,Not Graduado,No,3902,1666,109,360,1,Rural,Y
LP002287,FeHombre,No,0,Graduado,No,1500,1800,103,360,0,SemiUrbano,N
LP002288,Hombre,Si,2,Not Graduado,No,2889,0,45,180,0,Urbano,N
LP002296,Hombre,No,0,Not Graduado,No,2755,0,65,300,1,Rural,N
LP002297,Hombre,No,0,Graduado,No,2500,20000,103,360,1,SemiUrbano,Y
LP002300,FeHombre,No,0,Not Graduado,No,1963,0,53,360,1,SemiUrbano,Y
LP002301,FeHombre,No,0,Graduado,Si,7441,0,194,360,1,Rural,N
LP002305,FeHombre,No,0,Graduado,No,4547,0,115,360,1,SemiUrbano,Y
LP002308,Hombre,Si,0,Not Graduado,No,2167,2400,115,360,1,Urbano,Y
LP002314,FeHombre,No,0,Not Graduado,No,2213,0,66,360,1,Rural,Y
LP002315,Hombre,Si,1,Graduado,No,8300,0,152,300,0,SemiUrbano,N
LP002317,Hombre,Si,3+,Graduado,No,81000,0,360,360,0,Rural,N
LP002318,FeHombre,No,1,Not Graduado,Si,3867,0,62,360,1,SemiUrbano,N
LP002319,Hombre,Si,0,Graduado,,6256,0,160,360,,Urbano,Y
LP002328,Hombre,Si,0,Not Graduado,No,6096,0,218,360,0,Rural,N
LP002332,Hombre,Si,0,Not Graduado,No,2253,2033,110,360,1,Rural,Y
LP002335,FeHombre,Si,0,Not Graduado,No,2149,3237,178,360,0,SemiUrbano,N
LP002337,FeHombre,No,0,Graduado,No,2995,0,60,360,1,Urbano,Y
LP002341,FeHombre,No,1,Graduado,No,2600,0,160,360,1,Urbano,N
LP002342,Hombre,Si,2,Graduado,Si,1600,20000,239,360,1,Urbano,N
LP002345,Hombre,Si,0,Graduado,No,1025,2773,112,360,1,Rural,Y
LP002347,Hombre,Si,0,Graduado,No,3246,1417,138,360,1,SemiUrbano,Y
LP002348,Hombre,Si,0,Graduado,No,5829,0,138,360,1,Rural,Y
LP002357,FeHombre,No,0,Not Graduado,No,2720,0,80,,0,Urbano,N
LP002361,Hombre,Si,0,Graduado,No,1820,1719,100,360,1,Urbano,Y
LP002362,Hombre,Si,1,Graduado,No,7250,1667,110,,0,Urbano,N
LP002364,Hombre,Si,0,Graduado,No,14880,0,96,360,1,SemiUrbano,Y
LP002366,Hombre,Si,0,Graduado,No,2666,4300,121,360,1,Rural,Y
LP002367,FeHombre,No,1,Not Graduado,No,4606,0,81,360,1,Rural,N
LP002368,Hombre,Si,2,Graduado,No,5935,0,133,360,1,SemiUrbano,Y
LP002369,Hombre,Si,0,Graduado,No,2920,16.12000084,87,360,1,Rural,Y
LP002370,Hombre,No,0,Not Graduado,No,2717,0,60,180,1,Urbano,Y
LP002377,FeHombre,No,1,Graduado,Si,8624,0,150,360,1,SemiUrbano,Y
LP002379,Hombre,No,0,Graduado,No,6500,0,105,360,0,Rural,N
LP002386,Hombre,No,0,Graduado,,12876,0,405,360,1,SemiUrbano,Y
LP002387,Hombre,Si,0,Graduado,No,2425,2340,143,360,1,SemiUrbano,Y
LP002390,Hombre,No,0,Graduado,No,3750,0,100,360,1,Urbano,Y
LP002393,FeHombre,,,Graduado,No,10047,0,,240,1,SemiUrbano,Y
LP002398,Hombre,No,0,Graduado,No,1926,1851,50,360,1,SemiUrbano,Y
LP002401,Hombre,Si,0,Graduado,No,2213,1125,,360,1,Urbano,Y
LP002403,Hombre,No,0,Graduado,Si,10416,0,187,360,0,Urbano,N
LP002407,FeHombre,Si,0,Not Graduado,Si,7142,0,138,360,1,Rural,Y
LP002408,Hombre,No,0,Graduado,No,3660,5064,187,360,1,SemiUrbano,Y
LP002409,Hombre,Si,0,Graduado,No,7901,1833,180,360,1,Rural,Y
LP002418,Hombre,No,3+,Not Graduado,No,4707,1993,148,360,1,SemiUrbano,Y
LP002422,Hombre,No,1,Graduado,No,37719,0,152,360,1,SemiUrbano,Y
LP002424,Hombre,Si,0,Graduado,No,7333,8333,175,300,,Rural,Y
LP002429,Hombre,Si,1,Graduado,Si,3466,1210,130,360,1,Rural,Y
LP002434,Hombre,Si,2,Not Graduado,No,4652,0,110,360,1,Rural,Y
LP002435,Hombre,Si,0,Graduado,,3539,1376,55,360,1,Rural,N
LP002443,Hombre,Si,2,Graduado,No,3340,1710,150,360,0,Rural,N
LP002444,Hombre,No,1,Not Graduado,Si,2769,1542,190,360,,SemiUrbano,N
LP002446,Hombre,Si,2,Not Graduado,No,2309,1255,125,360,0,Rural,N
LP002447,Hombre,Si,2,Not Graduado,No,1958,1456,60,300,,Urbano,Y
LP002448,Hombre,Si,0,Graduado,No,3948,1733,149,360,0,Rural,N
LP002449,Hombre,Si,0,Graduado,No,2483,2466,90,180,0,Rural,Y
LP002453,Hombre,No,0,Graduado,Si,7085,0,84,360,1,SemiUrbano,Y
LP002455,Hombre,Si,2,Graduado,No,3859,0,96,360,1,SemiUrbano,Y
LP002459,Hombre,Si,0,Graduado,No,4301,0,118,360,1,Urbano,Y
LP002467,Hombre,Si,0,Graduado,No,3708,2569,173,360,1,Urbano,N
LP002472,Hombre,No,2,Graduado,No,4354,0,136,360,1,Rural,Y
LP002473,Hombre,Si,0,Graduado,No,8334,0,160,360,1,SemiUrbano,N
LP002478,,Si,0,Graduado,Si,2083,4083,160,360,,SemiUrbano,Y
LP002484,Hombre,Si,3+,Graduado,No,7740,0,128,180,1,Urbano,Y
LP002487,Hombre,Si,0,Graduado,No,3015,2188,153,360,1,Rural,Y
LP002489,FeHombre,No,1,Not Graduado,,5191,0,132,360,1,SemiUrbano,Y
LP002493,Hombre,No,0,Graduado,No,4166,0,98,360,0,SemiUrbano,N
LP002494,Hombre,No,0,Graduado,No,6000,0,140,360,1,Rural,Y
LP002500,Hombre,Si,3+,Not Graduado,No,2947,1664,70,180,0,Urbano,N
LP002501,,Si,0,Graduado,No,16692,0,110,360,1,SemiUrbano,Y
LP002502,FeHombre,Si,2,Not Graduado,,210,2917,98,360,1,SemiUrbano,Y
LP002505,Hombre,Si,0,Graduado,No,4333,2451,110,360,1,Urbano,N
LP002515,Hombre,Si,1,Graduado,Si,3450,2079,162,360,1,SemiUrbano,Y
LP002517,Hombre,Si,1,Not Graduado,No,2653,1500,113,180,0,Rural,N
LP002519,Hombre,Si,3+,Graduado,No,4691,0,100,360,1,SemiUrbano,Y
LP002522,FeHombre,No,0,Graduado,Si,2500,0,93,360,,Urbano,Y
LP002524,Hombre,No,2,Graduado,No,5532,4648,162,360,1,Rural,Y
LP002527,Hombre,Si,2,Graduado,Si,16525,1014,150,360,1,Rural,Y
LP002529,Hombre,Si,2,Graduado,No,6700,1750,230,300,1,SemiUrbano,Y
LP002530,,Si,2,Graduado,No,2873,1872,132,360,0,SemiUrbano,N
LP002531,Hombre,Si,1,Graduado,Si,16667,2250,86,360,1,SemiUrbano,Y
LP002533,Hombre,Si,2,Graduado,No,2947,1603,,360,1,Urbano,N
LP002534,FeHombre,No,0,Not Graduado,No,4350,0,154,360,1,Rural,Y
LP002536,Hombre,Si,3+,Not Graduado,No,3095,0,113,360,1,Rural,Y
LP002537,Hombre,Si,0,Graduado,No,2083,3150,128,360,1,SemiUrbano,Y
LP002541,Hombre,Si,0,Graduado,No,10833,0,234,360,1,SemiUrbano,Y
LP002543,Hombre,Si,2,Graduado,No,8333,0,246,360,1,SemiUrbano,Y
LP002544,Hombre,Si,1,Not Graduado,No,1958,2436,131,360,1,Rural,Y
LP002545,Hombre,No,2,Graduado,No,3547,0,80,360,0,Rural,N
LP002547,Hombre,Si,1,Graduado,No,18333,0,500,360,1,Urbano,N
LP002555,Hombre,Si,2,Graduado,Si,4583,2083,160,360,1,SemiUrbano,Y
LP002556,Hombre,No,0,Graduado,No,2435,0,75,360,1,Urbano,N
LP002560,Hombre,No,0,Not Graduado,No,2699,2785,96,360,,SemiUrbano,Y
LP002562,Hombre,Si,1,Not Graduado,No,5333,1131,186,360,,Urbano,Y
LP002571,Hombre,No,0,Not Graduado,No,3691,0,110,360,1,Rural,Y
LP002582,FeHombre,No,0,Not Graduado,Si,17263,0,225,360,1,SemiUrbano,Y
LP002585,Hombre,Si,0,Graduado,No,3597,2157,119,360,0,Rural,N
LP002586,FeHombre,Si,1,Graduado,No,3326,913,105,84,1,SemiUrbano,Y
LP002587,Hombre,Si,0,Not Graduado,No,2600,1700,107,360,1,Rural,Y
LP002588,Hombre,Si,0,Graduado,No,4625,2857,111,12,,Urbano,Y
LP002600,Hombre,Si,1,Graduado,Si,2895,0,95,360,1,SemiUrbano,Y
LP002602,Hombre,No,0,Graduado,No,6283,4416,209,360,0,Rural,N
LP002603,FeHombre,No,0,Graduado,No,645,3683,113,480,1,Rural,Y
LP002606,FeHombre,No,0,Graduado,No,3159,0,100,360,1,SemiUrbano,Y
LP002615,Hombre,Si,2,Graduado,No,4865,5624,208,360,1,SemiUrbano,Y
LP002618,Hombre,Si,1,Not Graduado,No,4050,5302,138,360,,Rural,N
LP002619,Hombre,Si,0,Not Graduado,No,3814,1483,124,300,1,SemiUrbano,Y
LP002622,Hombre,Si,2,Graduado,No,3510,4416,243,360,1,Rural,Y
LP002624,Hombre,Si,0,Graduado,No,20833,6667,480,360,,Urbano,Y
LP002625,,No,0,Graduado,No,3583,0,96,360,1,Urbano,N
LP002626,Hombre,Si,0,Graduado,Si,2479,3013,188,360,1,Urbano,Y
LP002634,FeHombre,No,1,Graduado,No,13262,0,40,360,1,Urbano,Y
LP002637,Hombre,No,0,Not Graduado,No,3598,1287,100,360,1,Rural,N
LP002640,Hombre,Si,1,Graduado,No,6065,2004,250,360,1,SemiUrbano,Y
LP002643,Hombre,Si,2,Graduado,No,3283,2035,148,360,1,Urbano,Y
LP002648,Hombre,Si,0,Graduado,No,2130,6666,70,180,1,SemiUrbano,N
LP002652,Hombre,No,0,Graduado,No,5815,3666,311,360,1,Rural,N
LP002659,Hombre,Si,3+,Graduado,No,3466,3428,150,360,1,Rural,Y
LP002670,FeHombre,Si,2,Graduado,No,2031,1632,113,480,1,SemiUrbano,Y
LP002682,Hombre,Si,,Not Graduado,No,3074,1800,123,360,0,SemiUrbano,N
LP002683,Hombre,No,0,Graduado,No,4683,1915,185,360,1,SemiUrbano,N
LP002684,FeHombre,No,0,Not Graduado,No,3400,0,95,360,1,Rural,N
LP002689,Hombre,Si,2,Not Graduado,No,2192,1742,45,360,1,SemiUrbano,Y
LP002690,Hombre,No,0,Graduado,No,2500,0,55,360,1,SemiUrbano,Y
LP002692,Hombre,Si,3+,Graduado,Si,5677,1424,100,360,1,Rural,Y
LP002693,Hombre,Si,2,Graduado,Si,7948,7166,480,360,1,Rural,Y
LP002697,Hombre,No,0,Graduado,No,4680,2087,,360,1,SemiUrbano,N
LP002699,Hombre,Si,2,Graduado,Si,17500,0,400,360,1,Rural,Y
LP002705,Hombre,Si,0,Graduado,No,3775,0,110,360,1,SemiUrbano,Y
LP002706,Hombre,Si,1,Not Graduado,No,5285,1430,161,360,0,SemiUrbano,Y
LP002714,Hombre,No,1,Not Graduado,No,2679,1302,94,360,1,SemiUrbano,Y
LP002716,Hombre,No,0,Not Graduado,No,6783,0,130,360,1,SemiUrbano,Y
LP002717,Hombre,Si,0,Graduado,No,1025,5500,216,360,,Rural,Y
LP002720,Hombre,Si,3+,Graduado,No,4281,0,100,360,1,Urbano,Y
LP002723,Hombre,No,2,Graduado,No,3588,0,110,360,0,Rural,N
LP002729,Hombre,No,1,Graduado,No,11250,0,196,360,,SemiUrbano,N
LP002731,FeHombre,No,0,Not Graduado,Si,18165,0,125,360,1,Urbano,Y
LP002732,Hombre,No,0,Not Graduado,,2550,2042,126,360,1,Rural,Y
LP002734,Hombre,Si,0,Graduado,No,6133,3906,324,360,1,Urbano,Y
LP002738,Hombre,No,2,Graduado,No,3617,0,107,360,1,SemiUrbano,Y
LP002739,Hombre,Si,0,Not Graduado,No,2917,536,66,360,1,Rural,N
LP002740,Hombre,Si,3+,Graduado,No,6417,0,157,180,1,Rural,Y
LP002741,FeHombre,Si,1,Graduado,No,4608,2845,140,180,1,SemiUrbano,Y
LP002743,FeHombre,No,0,Graduado,No,2138,0,99,360,0,SemiUrbano,N
LP002753,FeHombre,No,1,Graduado,,3652,0,95,360,1,SemiUrbano,Y
LP002755,Hombre,Si,1,Not Graduado,No,2239,2524,128,360,1,Urbano,Y
LP002757,FeHombre,Si,0,Not Graduado,No,3017,663,102,360,,SemiUrbano,Y
LP002767,Hombre,Si,0,Graduado,No,2768,1950,155,360,1,Rural,Y
LP002768,Hombre,No,0,Not Graduado,No,3358,0,80,36,1,SemiUrbano,N
LP002772,Hombre,No,0,Graduado,No,2526,1783,145,360,1,Rural,Y
LP002776,FeHombre,No,0,Graduado,No,5000,0,103,360,0,SemiUrbano,N
LP002777,Hombre,Si,0,Graduado,No,2785,2016,110,360,1,Rural,Y
LP002778,Hombre,Si,2,Graduado,Si,6633,0,,360,0,Rural,N
LP002784,Hombre,Si,1,Not Graduado,No,2492,2375,,360,1,Rural,Y
LP002785,Hombre,Si,1,Graduado,No,3333,3250,158,360,1,Urbano,Y
LP002788,Hombre,Si,0,Not Graduado,No,2454,2333,181,360,0,Urbano,N
LP002789,Hombre,Si,0,Graduado,No,3593,4266,132,180,0,Rural,N
LP002792,Hombre,Si,1,Graduado,No,5468,1032,26,360,1,SemiUrbano,Y
LP002794,FeHombre,No,0,Graduado,No,2667,1625,84,360,,Urbano,Y
LP002795,Hombre,Si,3+,Graduado,Si,10139,0,260,360,1,SemiUrbano,Y
LP002798,Hombre,Si,0,Graduado,No,3887,2669,162,360,1,SemiUrbano,Y
LP002804,FeHombre,Si,0,Graduado,No,4180,2306,182,360,1,SemiUrbano,Y
LP002807,Hombre,Si,2,Not Graduado,No,3675,242,108,360,1,SemiUrbano,Y
LP002813,FeHombre,Si,1,Graduado,Si,19484,0,600,360,1,SemiUrbano,Y
LP002820,Hombre,Si,0,Graduado,No,5923,2054,211,360,1,Rural,Y
LP002821,Hombre,No,0,Not Graduado,Si,5800,0,132,360,1,SemiUrbano,Y
LP002832,Hombre,Si,2,Graduado,No,8799,0,258,360,0,Urbano,N
LP002833,Hombre,Si,0,Not Graduado,No,4467,0,120,360,,Rural,Y
LP002836,Hombre,No,0,Graduado,No,3333,0,70,360,1,Urbano,Y
LP002837,Hombre,Si,3+,Graduado,No,3400,2500,123,360,0,Rural,N
LP002840,FeHombre,No,0,Graduado,No,2378,0,9,360,1,Urbano,N
LP002841,Hombre,Si,0,Graduado,No,3166,2064,104,360,0,Urbano,N
LP002842,Hombre,Si,1,Graduado,No,3417,1750,186,360,1,Urbano,Y
LP002847,Hombre,Si,,Graduado,No,5116,1451,165,360,0,Urbano,N
LP002855,Hombre,Si,2,Graduado,No,16666,0,275,360,1,Urbano,Y
LP002862,Hombre,Si,2,Not Graduado,No,6125,1625,187,480,1,SemiUrbano,N
LP002863,Hombre,Si,3+,Graduado,No,6406,0,150,360,1,SemiUrbano,N
LP002868,Hombre,Si,2,Graduado,No,3159,461,108,84,1,Urbano,Y
LP002872,,Si,0,Graduado,No,3087,2210,136,360,0,SemiUrbano,N
LP002874,Hombre,No,0,Graduado,No,3229,2739,110,360,1,Urbano,Y
LP002877,Hombre,Si,1,Graduado,No,1782,2232,107,360,1,Rural,Y
LP002888,Hombre,No,0,Graduado,,3182,2917,161,360,1,Urbano,Y
LP002892,Hombre,Si,2,Graduado,No,6540,0,205,360,1,SemiUrbano,Y
LP002893,Hombre,No,0,Graduado,No,1836,33837,90,360,1,Urbano,N
LP002894,FeHombre,Si,0,Graduado,No,3166,0,36,360,1,SemiUrbano,Y
LP002898,Hombre,Si,1,Graduado,No,1880,0,61,360,,Rural,N
LP002911,Hombre,Si,1,Graduado,No,2787,1917,146,360,0,Rural,N
LP002912,Hombre,Si,1,Graduado,No,4283,3000,172,84,1,Rural,N
LP002916,Hombre,Si,0,Graduado,No,2297,1522,104,360,1,Urbano,Y
LP002917,FeHombre,No,0,Not Graduado,No,2165,0,70,360,1,SemiUrbano,Y
LP002925,,No,0,Graduado,No,4750,0,94,360,1,SemiUrbano,Y
LP002926,Hombre,Si,2,Graduado,Si,2726,0,106,360,0,SemiUrbano,N
LP002928,Hombre,Si,0,Graduado,No,3000,3416,56,180,1,SemiUrbano,Y
LP002931,Hombre,Si,2,Graduado,Si,6000,0,205,240,1,SemiUrbano,N
LP002933,,No,3+,Graduado,Si,9357,0,292,360,1,SemiUrbano,Y
LP002936,Hombre,Si,0,Graduado,No,3859,3300,142,180,1,Rural,Y
LP002938,Hombre,Si,0,Graduado,Si,16120,0,260,360,1,Urbano,Y
LP002940,Hombre,No,0,Not Graduado,No,3833,0,110,360,1,Rural,Y
LP002941,Hombre,Si,2,Not Graduado,Si,6383,1000,187,360,1,Rural,N
LP002943,Hombre,No,,Graduado,No,2987,0,88,360,0,SemiUrbano,N
LP002945,Hombre,Si,0,Graduado,Si,9963,0,180,360,1,Rural,Y
LP002948,Hombre,Si,2,Graduado,No,5780,0,192,360,1,Urbano,Y
LP002949,FeHombre,No,3+,Graduado,,416,41667,350,180,,Urbano,N
LP002950,Hombre,Si,0,Not Graduado,,2894,2792,155,360,1,Rural,Y
LP002953,Hombre,Si,3+,Graduado,No,5703,0,128,360,1,Urbano,Y
LP002958,Hombre,No,0,Graduado,No,3676,4301,172,360,1,Rural,Y
LP002959,FeHombre,Si,1,Graduado,No,12000,0,496,360,1,SemiUrbano,Y
LP002960,Hombre,Si,0,Not Graduado,No,2400,3800,,180,1,Urbano,N
LP002961,Hombre,Si,1,Graduado,No,3400,2500,173,360,1,SemiUrbano,Y
LP002964,Hombre,Si,2,Not Graduado,No,3987,1411,157,360,1,Rural,Y
LP002974,Hombre,Si,0,Graduado,No,3232,1950,108,360,1,Rural,Y
LP002978,FeHombre,No,0,Graduado,No,2900,0,71,360,1,Rural,Y
LP002979,Hombre,Si,3+,Graduado,No,4106,0,40,180,1,Rural,Y
LP002983,Hombre,Si,1,Graduado,No,8072,240,253,360,1,Urbano,Y
LP002984,Hombre,Si,2,Graduado,No,7583,0,187,360,1,Urbano,Y
LP002990,FeHombre,No,0,Graduado,Si,4583,0,133,360,0,SemiUrbano,N